AGENCY,TRANSACTION_DATE,TRANSACTION_AMOUNT
Advisory Neighborhood Commission,2009-12-31 00:00:00+00:00,81.438
Advisory Neighborhood Commission,2010-12-31 00:00:00+00:00,135.9415
Advisory Neighborhood Commission,2011-12-31 00:00:00+00:00,96.12375
Advisory Neighborhood Commission,2012-12-31 00:00:00+00:00,171.84399999999997
Advisory Neighborhood Commission,2013-12-31 00:00:00+00:00,102.33363636363637
Advisory Neighborhood Commission,2014-12-31 00:00:00+00:00,360.03249999999997
Advisory Neighborhood Commission,2015-12-31 00:00:00+00:00,166.1075
Advisory Neighborhood Commission,2016-12-31 00:00:00+00:00,207.548
Advisory Neighborhood Commission,2017-12-31 00:00:00+00:00,110.30363636363637
Advisory Neighborhood Commission,2018-12-31 00:00:00+00:00,286.36526315789473
Advisory Neighborhood Commission,2019-12-31 00:00:00+00:00,239.90375
Advisory Neighborhood Commission,2020-12-31 00:00:00+00:00,143.35399999999998
Alcoholic Beverage Regulation Administration,2009-12-31 00:00:00+00:00,726.0669318181822
Alcoholic Beverage Regulation Administration,2010-12-31 00:00:00+00:00,395.53314516129035
Alcoholic Beverage Regulation Administration,2011-12-31 00:00:00+00:00,569.5897101449276
Alcoholic Beverage Regulation Administration,2012-12-31 00:00:00+00:00,490.19333333333316
Alcoholic Beverage Regulation Administration,2013-12-31 00:00:00+00:00,462.5207096774196
Alcoholic Beverage Regulation Administration,2014-12-31 00:00:00+00:00,466.57106508875756
Alcoholic Beverage Regulation Administration,2015-12-31 00:00:00+00:00,481.4966417910448
Alcoholic Beverage Regulation Administration,2016-12-31 00:00:00+00:00,629.4382666666666
Alcoholic Beverage Regulation Administration,2017-12-31 00:00:00+00:00,690.7665891472865
Alcoholic Beverage Regulation Administration,2018-12-31 00:00:00+00:00,630.6407476635511
Alcoholic Beverage Regulation Administration,2019-12-31 00:00:00+00:00,821.3383974358977
Alcoholic Beverage Regulation Administration,2020-12-31 00:00:00+00:00,898.7356164383559
Board of Elections & Ethics,2009-12-31 00:00:00+00:00,328.66299999999995
Board of Elections & Ethics,2010-12-31 00:00:00+00:00,430.06335616438344
Board of Elections & Ethics,2011-12-31 00:00:00+00:00,428.9906122448979
Board of Elections & Ethics,2012-12-31 00:00:00+00:00,721.88738372093
Board of Elections & Ethics,2013-12-31 00:00:00+00:00,553.4345588235293
Board of Elections & Ethics,2014-12-31 00:00:00+00:00,605.2397833935019
Board of Elections & Ethics,2015-12-31 00:00:00+00:00,500.5014917127067
Board of Elections & Ethics,2016-12-31 00:00:00+00:00,606.1601201201199
Board of Elections & Ethics,2017-12-31 00:00:00+00:00,593.9377685950415
Board of Elections & Ethics,2018-12-31 00:00:00+00:00,691.7929130434785
Board of Elections & Ethics,2019-12-31 00:00:00+00:00,459.15824468085106
Board of Elections & Ethics,2020-12-31 00:00:00+00:00,856.9666666666664
Board of Real Property Assessment & Appeals,2009-12-31 00:00:00+00:00,433.0524
Board of Real Property Assessment & Appeals,2010-12-31 00:00:00+00:00,530.945652173913
Board of Real Property Assessment & Appeals,2011-12-31 00:00:00+00:00,1075.4811666666667
Board of Real Property Assessment & Appeals,2012-12-31 00:00:00+00:00,669.9112499999998
Board of Real Property Assessment & Appeals,2013-12-31 00:00:00+00:00,608.8561417322834
Board of Real Property Assessment & Appeals,2014-12-31 00:00:00+00:00,687.7586503067486
Board of Real Property Assessment & Appeals,2015-12-31 00:00:00+00:00,756.2191071428571
Board of Real Property Assessment & Appeals,2016-12-31 00:00:00+00:00,729.6492553191492
Board of Real Property Assessment & Appeals,2017-12-31 00:00:00+00:00,557.2455223880596
Board of Real Property Assessment & Appeals,2018-12-31 00:00:00+00:00,574.0895121951222
Board of Real Property Assessment & Appeals,2019-12-31 00:00:00+00:00,583.935125
Board of Real Property Assessment & Appeals,2020-12-31 00:00:00+00:00,677.0569565217393
Child & Family Services Administration,2009-12-31 00:00:00+00:00,507.97725961538464
Child & Family Services Administration,2010-12-31 00:00:00+00:00,502.1466259168704
Child & Family Services Administration,2011-12-31 00:00:00+00:00,483.91152542372856
Child & Family Services Administration,2012-12-31 00:00:00+00:00,420.59745740498
Child & Family Services Administration,2013-12-31 00:00:00+00:00,505.25392900856815
Child & Family Services Administration,2014-12-31 00:00:00+00:00,502.1751648351653
Child & Family Services Administration,2015-12-31 00:00:00+00:00,652.491743725231
Child & Family Services Administration,2016-12-31 00:00:00+00:00,765.0328208092476
Child & Family Services Administration,2017-12-31 00:00:00+00:00,789.3996178343942
Child & Family Services Administration,2018-12-31 00:00:00+00:00,745.9870255720057
Child & Family Services Administration,2019-12-31 00:00:00+00:00,601.8358461538448
Child & Family Services Administration,2020-12-31 00:00:00+00:00,703.6885051546394
City Administrator/Deputy Mayor,2009-12-31 00:00:00+00:00,501.41714912280713
City Administrator/Deputy Mayor,2010-12-31 00:00:00+00:00,403.25150837988826
City Administrator/Deputy Mayor,2011-12-31 00:00:00+00:00,481.32388888888886
City Administrator/Deputy Mayor,2012-12-31 00:00:00+00:00,464.63794701986745
City Administrator/Deputy Mayor,2013-12-31 00:00:00+00:00,467.9130000000001
City Administrator/Deputy Mayor,2014-12-31 00:00:00+00:00,271.15722826086954
City Administrator/Deputy Mayor,2015-12-31 00:00:00+00:00,366.50523437499993
City Administrator/Deputy Mayor,2016-12-31 00:00:00+00:00,451.8977572559364
City Administrator/Deputy Mayor,2017-12-31 00:00:00+00:00,459.1913432835823
City Administrator/Deputy Mayor,2018-12-31 00:00:00+00:00,403.55462102689495
City Administrator/Deputy Mayor,2019-12-31 00:00:00+00:00,513.9819465648857
City Administrator/Deputy Mayor,2020-12-31 00:00:00+00:00,369.8598192771085
Commission of Judicial Disabilities & Tenure,2009-12-31 00:00:00+00:00,134.84722222222223
Commission of Judicial Disabilities & Tenure,2010-12-31 00:00:00+00:00,102.42354430379748
Commission of Judicial Disabilities & Tenure,2011-12-31 00:00:00+00:00,170.99956521739134
Commission of Judicial Disabilities & Tenure,2012-12-31 00:00:00+00:00,163.1601388888888
Commission of Judicial Disabilities & Tenure,2013-12-31 00:00:00+00:00,199.05016949152545
Commission of Judicial Disabilities & Tenure,2014-12-31 00:00:00+00:00,124.39328124999994
Commission of Judicial Disabilities & Tenure,2015-12-31 00:00:00+00:00,149.47927272727273
Commission of Judicial Disabilities & Tenure,2016-12-31 00:00:00+00:00,143.45565789473685
Commission of Judicial Disabilities & Tenure,2017-12-31 00:00:00+00:00,181.41128205128203
Commission of Judicial Disabilities & Tenure,2018-12-31 00:00:00+00:00,109.9674418604651
Commission of Judicial Disabilities & Tenure,2019-12-31 00:00:00+00:00,120.32862745098032
Commission of Judicial Disabilities & Tenure,2020-12-31 00:00:00+00:00,126.12666666666664
Commission on Arts & Humanities,2009-12-31 00:00:00+00:00,337.243480392157
Commission on Arts & Humanities,2010-12-31 00:00:00+00:00,404.33108108108115
Commission on Arts & Humanities,2011-12-31 00:00:00+00:00,325.05142857142846
Commission on Arts & Humanities,2012-12-31 00:00:00+00:00,450.7288392857145
Commission on Arts & Humanities,2013-12-31 00:00:00+00:00,476.7921118012425
Commission on Arts & Humanities,2014-12-31 00:00:00+00:00,609.7715579710142
Commission on Arts & Humanities,2015-12-31 00:00:00+00:00,607.5411020408162
Commission on Arts & Humanities,2016-12-31 00:00:00+00:00,628.2151306413303
Commission on Arts & Humanities,2017-12-31 00:00:00+00:00,577.9824293785313
Commission on Arts & Humanities,2018-12-31 00:00:00+00:00,588.6549767441861
Commission on Arts & Humanities,2019-12-31 00:00:00+00:00,704.0796296296289
Commission on Arts & Humanities,2020-12-31 00:00:00+00:00,774.7713461538461
Contract Appeals Board,2009-12-31 00:00:00+00:00,300.6939705882354
Contract Appeals Board,2010-12-31 00:00:00+00:00,645.9684210526316
Contract Appeals Board,2011-12-31 00:00:00+00:00,481.83322033898304
Contract Appeals Board,2012-12-31 00:00:00+00:00,589.694301075269
Contract Appeals Board,2013-12-31 00:00:00+00:00,301.6230693069307
Contract Appeals Board,2014-12-31 00:00:00+00:00,437.77093023255816
Contract Appeals Board,2015-12-31 00:00:00+00:00,282.14782608695657
Contract Appeals Board,2016-12-31 00:00:00+00:00,822.4320370370372
Contract Appeals Board,2017-12-31 00:00:00+00:00,593.613103448276
Contract Appeals Board,2018-12-31 00:00:00+00:00,1058.2926923076923
Contract Appeals Board,2019-12-31 00:00:00+00:00,513.8847826086958
Contract Appeals Board,2020-12-31 00:00:00+00:00,140.0390909090909
Criminal Justice Coordinating Council,2009-12-31 00:00:00+00:00,598.002098765432
Criminal Justice Coordinating Council,2010-12-31 00:00:00+00:00,423.12615999999986
Criminal Justice Coordinating Council,2011-12-31 00:00:00+00:00,328.45195312499993
Criminal Justice Coordinating Council,2012-12-31 00:00:00+00:00,429.46999999999997
Criminal Justice Coordinating Council,2013-12-31 00:00:00+00:00,451.22504273504285
Criminal Justice Coordinating Council,2014-12-31 00:00:00+00:00,600.6612738853504
Criminal Justice Coordinating Council,2015-12-31 00:00:00+00:00,661.3822807017543
Criminal Justice Coordinating Council,2016-12-31 00:00:00+00:00,714.1637588652484
Criminal Justice Coordinating Council,2017-12-31 00:00:00+00:00,929.7695402298849
Criminal Justice Coordinating Council,2018-12-31 00:00:00+00:00,525.654351851852
Criminal Justice Coordinating Council,2019-12-31 00:00:00+00:00,767.8732352941178
Criminal Justice Coordinating Council,2020-12-31 00:00:00+00:00,905.3605000000003
DC BD OF ETHICS AND GOVT ACCOUNTABILITY,2012-12-31 00:00:00+00:00,2615.7480000000005
DC BD OF ETHICS AND GOVT ACCOUNTABILITY,2013-12-31 00:00:00+00:00,325.16477272727286
DC BD OF ETHICS AND GOVT ACCOUNTABILITY,2014-12-31 00:00:00+00:00,322.0325806451614
DC BD OF ETHICS AND GOVT ACCOUNTABILITY,2015-12-31 00:00:00+00:00,364.76068181818187
DC BD OF ETHICS AND GOVT ACCOUNTABILITY,2016-12-31 00:00:00+00:00,346.9878947368422
DC BD OF ETHICS AND GOVT ACCOUNTABILITY,2017-12-31 00:00:00+00:00,397.6373109243698
DC BD OF ETHICS AND GOVT ACCOUNTABILITY,2018-12-31 00:00:00+00:00,714.6654716981132
DC BD OF ETHICS AND GOVT ACCOUNTABILITY,2019-12-31 00:00:00+00:00,461.87173728813565
DC BD OF ETHICS AND GOVT ACCOUNTABILITY,2020-12-31 00:00:00+00:00,504.68368932038834
DC Council,2011-12-31 00:00:00+00:00,441.2209999999999
DC Council,2012-12-31 00:00:00+00:00,370.75623134328333
DC Council,2013-12-31 00:00:00+00:00,598.0175496688743
DC Council,2014-12-31 00:00:00+00:00,565.2178478260868
DC Council,2015-12-31 00:00:00+00:00,491.6428400000003
DC Department of Human Resources,2009-12-31 00:00:00+00:00,647.6028859060407
DC Department of Human Resources,2010-12-31 00:00:00+00:00,482.730760233918
DC Department of Human Resources,2011-12-31 00:00:00+00:00,356.3700239808214
DC Department of Human Resources,2012-12-31 00:00:00+00:00,829.9554893617022
DC Department of Human Resources,2013-12-31 00:00:00+00:00,843.0528448275861
DC Department of Human Resources,2014-12-31 00:00:00+00:00,953.7296186440678
DC Department of Human Resources,2015-12-31 00:00:00+00:00,1046.727912087912
DC Department of Human Resources,2016-12-31 00:00:00+00:00,1529.5911999999998
DC Department of Human Resources,2017-12-31 00:00:00+00:00,1141.3513157894736
DC Department of Human Resources,2018-12-31 00:00:00+00:00,710.323114754098
DC Department of Human Resources,2019-12-31 00:00:00+00:00,749.7082210242593
DC Department of Human Resources,2020-12-31 00:00:00+00:00,815.7612048192772
DC Health Benefit Exchange,2013-12-31 00:00:00+00:00,393.2520792079209
DC Health Benefit Exchange,2014-12-31 00:00:00+00:00,229.87123456790124
DC Lottery & Charitable Games Control Board,2009-12-31 00:00:00+00:00,376.92425
DC Lottery & Charitable Games Control Board,2010-12-31 00:00:00+00:00,346.86020833333333
DC Lottery & Charitable Games Control Board,2011-12-31 00:00:00+00:00,370.79985507246374
DC Lottery & Charitable Games Control Board,2012-12-31 00:00:00+00:00,660.3955
DC Lottery & Charitable Games Control Board,2013-12-31 00:00:00+00:00,400.4328
DC Lottery & Charitable Games Control Board,2014-12-31 00:00:00+00:00,579.2232291666668
DC Lottery & Charitable Games Control Board,2015-12-31 00:00:00+00:00,424.04607142857145
DC Lottery & Charitable Games Control Board,2016-12-31 00:00:00+00:00,524.5642608695655
DC Lottery & Charitable Games Control Board,2017-12-31 00:00:00+00:00,602.8461904761905
DC Lottery & Charitable Games Control Board,2018-12-31 00:00:00+00:00,427.57118055555543
DC Lottery & Charitable Games Control Board,2019-12-31 00:00:00+00:00,570.5794907407407
DC Lottery & Charitable Games Control Board,2020-12-31 00:00:00+00:00,505.73699999999997
DC National Guard,2009-12-31 00:00:00+00:00,225.23072164948454
DC National Guard,2010-12-31 00:00:00+00:00,207.94603773584905
DC National Guard,2011-12-31 00:00:00+00:00,307.64258620689657
DC National Guard,2012-12-31 00:00:00+00:00,239.1748863636364
DC National Guard,2013-12-31 00:00:00+00:00,474.96885714285725
DC National Guard,2014-12-31 00:00:00+00:00,374.3183333333333
DC National Guard,2015-12-31 00:00:00+00:00,698.8699999999998
DC National Guard,2016-12-31 00:00:00+00:00,573.8614035087719
DC National Guard,2017-12-31 00:00:00+00:00,520.8059756097562
DC National Guard,2018-12-31 00:00:00+00:00,524.3452222222222
DC National Guard,2019-12-31 00:00:00+00:00,534.8174999999999
DC National Guard,2020-12-31 00:00:00+00:00,293.42803278688535
DC Office of Risk Management,2009-12-31 00:00:00+00:00,202.78799999999998
DC Office of Risk Management,2010-12-31 00:00:00+00:00,772.4538461538461
DC Office of Risk Management,2011-12-31 00:00:00+00:00,588.0510714285714
DC Office of Risk Management,2012-12-31 00:00:00+00:00,612.5211764705882
DC Office of Risk Management,2013-12-31 00:00:00+00:00,481.90672413793095
DC Office of Risk Management,2014-12-31 00:00:00+00:00,334.4549056603773
DC Office of Risk Management,2015-12-31 00:00:00+00:00,798.4478947368422
DC Office of Risk Management,2016-12-31 00:00:00+00:00,614.5702222222222
DC Office of Risk Management,2017-12-31 00:00:00+00:00,1213.6835185185187
DC Office of Risk Management,2018-12-31 00:00:00+00:00,822.1109803921569
DC Office of Risk Management,2019-12-31 00:00:00+00:00,543.7588235294119
DC Office of Risk Management,2020-12-31 00:00:00+00:00,943.6045454545455
DC Public Library,2009-12-31 00:00:00+00:00,593.300363984674
DC Public Library,2010-12-31 00:00:00+00:00,524.5606267806265
DC Public Library,2011-12-31 00:00:00+00:00,509.693191747572
DC Public Library,2012-12-31 00:00:00+00:00,497.55066985645954
DC Public Library,2013-12-31 00:00:00+00:00,549.1292783505154
DC Public Library,2014-12-31 00:00:00+00:00,587.4340491283673
DC Public Library,2015-12-31 00:00:00+00:00,627.1867839195976
DC Public Library,2016-12-31 00:00:00+00:00,528.5788789237664
DC Public Library,2017-12-31 00:00:00+00:00,585.2986674008814
DC Public Library,2018-12-31 00:00:00+00:00,499.22178343949076
DC Public Library,2019-12-31 00:00:00+00:00,499.26307095343697
DC Public Library,2020-12-31 00:00:00+00:00,575.495779220779
DC STATE BOARD OF EDUCATION,2013-12-31 00:00:00+00:00,738.9839999999999
DC STATE BOARD OF EDUCATION,2014-12-31 00:00:00+00:00,439.48121951219514
DC STATE BOARD OF EDUCATION,2015-12-31 00:00:00+00:00,819.2705154639174
DC STATE BOARD OF EDUCATION,2016-12-31 00:00:00+00:00,769.228947368421
DC STATE BOARD OF EDUCATION,2017-12-31 00:00:00+00:00,548.990796460177
DC STATE BOARD OF EDUCATION,2018-12-31 00:00:00+00:00,505.4694656488551
DC STATE BOARD OF EDUCATION,2019-12-31 00:00:00+00:00,675.4793069306932
DC STATE BOARD OF EDUCATION,2020-12-31 00:00:00+00:00,541.2808
DC Sentencing & Criminal Code Review Committee,2000-12-31 00:00:00+00:00,-11.94
DC Sentencing & Criminal Code Review Committee,2001-12-31 00:00:00+00:00,0.0
DC Sentencing & Criminal Code Review Committee,2002-12-31 00:00:00+00:00,0.0
DC Sentencing & Criminal Code Review Committee,2003-12-31 00:00:00+00:00,0.0
DC Sentencing & Criminal Code Review Committee,2004-12-31 00:00:00+00:00,0.0
DC Sentencing & Criminal Code Review Committee,2005-12-31 00:00:00+00:00,0.0
DC Sentencing & Criminal Code Review Committee,2006-12-31 00:00:00+00:00,0.0
DC Sentencing & Criminal Code Review Committee,2007-12-31 00:00:00+00:00,0.0
DC Sentencing & Criminal Code Review Committee,2008-12-31 00:00:00+00:00,0.0
DC Sentencing & Criminal Code Review Committee,2009-12-31 00:00:00+00:00,305.69480769230773
DC Sentencing & Criminal Code Review Committee,2010-12-31 00:00:00+00:00,309.8596153846155
DC Sentencing & Criminal Code Review Committee,2011-12-31 00:00:00+00:00,316.23782608695655
DC Sentencing & Criminal Code Review Committee,2012-12-31 00:00:00+00:00,480.96930693069294
DC Sentencing & Criminal Code Review Committee,2013-12-31 00:00:00+00:00,544.9285148514848
DC Sentencing & Criminal Code Review Committee,2014-12-31 00:00:00+00:00,292.42397590361446
DC Sentencing & Criminal Code Review Committee,2015-12-31 00:00:00+00:00,382.0162499999999
DC Sentencing & Criminal Code Review Committee,2016-12-31 00:00:00+00:00,543.658493150685
DC Sentencing & Criminal Code Review Committee,2017-12-31 00:00:00+00:00,616.8082222222224
DC Sentencing & Criminal Code Review Committee,2018-12-31 00:00:00+00:00,263.3875438596491
DC Sentencing & Criminal Code Review Committee,2019-12-31 00:00:00+00:00,828.8426415094339
DC Sentencing & Criminal Code Review Committee,2020-12-31 00:00:00+00:00,890.3888235294118
DC Taxicab Commission,2009-12-31 00:00:00+00:00,521.8259595959596
DC Taxicab Commission,2010-12-31 00:00:00+00:00,536.1101515151515
DC Taxicab Commission,2011-12-31 00:00:00+00:00,510.7181308411216
DC Taxicab Commission,2012-12-31 00:00:00+00:00,463.5898351648351
DC Taxicab Commission,2013-12-31 00:00:00+00:00,245.6591836734694
DC Taxicab Commission,2014-12-31 00:00:00+00:00,364.1856779661017
DC Taxicab Commission,2015-12-31 00:00:00+00:00,475.04170542635654
DC Taxicab Commission,2016-12-31 00:00:00+00:00,521.1178048780486
DC Taxicab Commission,2017-12-31 00:00:00+00:00,424.88702702702716
DC Taxicab Commission,2018-12-31 00:00:00+00:00,527.3901219512196
DC Taxicab Commission,2019-12-31 00:00:00+00:00,531.2226174496644
DC Taxicab Commission,2020-12-31 00:00:00+00:00,587.63
DEPARTMENT OF FORENSICS SCIENCES,2013-12-31 00:00:00+00:00,637.1014659685865
DEPARTMENT OF FORENSICS SCIENCES,2014-12-31 00:00:00+00:00,579.2328688524586
DEPARTMENT OF FORENSICS SCIENCES,2015-12-31 00:00:00+00:00,529.8972727272726
DEPARTMENT OF FORENSICS SCIENCES,2016-12-31 00:00:00+00:00,741.3694930875574
DEPARTMENT OF FORENSICS SCIENCES,2017-12-31 00:00:00+00:00,875.194519230769
DEPARTMENT OF FORENSICS SCIENCES,2018-12-31 00:00:00+00:00,738.6165040650401
DEPARTMENT OF FORENSICS SCIENCES,2019-12-31 00:00:00+00:00,701.4268578553617
DEPARTMENT OF FORENSICS SCIENCES,2020-12-31 00:00:00+00:00,801.2839041095892
DEPUTY MAYOR FOR HEALTH & HUMAN SERVICES,2012-12-31 00:00:00+00:00,459.95045454545453
DEPUTY MAYOR FOR HEALTH & HUMAN SERVICES,2013-12-31 00:00:00+00:00,204.3869444444444
DEPUTY MAYOR FOR HEALTH & HUMAN SERVICES,2014-12-31 00:00:00+00:00,393.5915131578949
DEPUTY MAYOR FOR HEALTH & HUMAN SERVICES,2015-12-31 00:00:00+00:00,524.458888888889
DEPUTY MAYOR FOR HEALTH & HUMAN SERVICES,2016-12-31 00:00:00+00:00,599.6151086956523
DEPUTY MAYOR FOR HEALTH & HUMAN SERVICES,2017-12-31 00:00:00+00:00,592.3138679245284
DEPUTY MAYOR FOR HEALTH & HUMAN SERVICES,2018-12-31 00:00:00+00:00,646.6629090909091
DEPUTY MAYOR FOR HEALTH & HUMAN SERVICES,2019-12-31 00:00:00+00:00,235.97688073394494
DEPUTY MAYOR FOR HEALTH & HUMAN SERVICES,2020-12-31 00:00:00+00:00,883.9756521739131
DEPUTY MAYOR FOR PUBLIC SAFETY & JUSTICE,2011-12-31 00:00:00+00:00,771.7540740740742
DEPUTY MAYOR FOR PUBLIC SAFETY & JUSTICE,2012-12-31 00:00:00+00:00,454.46765151515143
DEPUTY MAYOR FOR PUBLIC SAFETY & JUSTICE,2013-12-31 00:00:00+00:00,472.0915625000001
DEPUTY MAYOR FOR PUBLIC SAFETY & JUSTICE,2014-12-31 00:00:00+00:00,582.5907831325301
DEPUTY MAYOR FOR PUBLIC SAFETY & JUSTICE,2015-12-31 00:00:00+00:00,633.9297222222223
DEPUTY MAYOR FOR PUBLIC SAFETY & JUSTICE,2016-12-31 00:00:00+00:00,2117.8747826086956
DEPUTY MAYOR FOR PUBLIC SAFETY & JUSTICE,2017-12-31 00:00:00+00:00,0.0
DEPUTY MAYOR FOR PUBLIC SAFETY & JUSTICE,2018-12-31 00:00:00+00:00,0.0
DEPUTY MAYOR FOR PUBLIC SAFETY & JUSTICE,2019-12-31 00:00:00+00:00,949.9164705882351
DEPUTY MAYOR FOR PUBLIC SAFETY & JUSTICE,2020-12-31 00:00:00+00:00,672.675
Department of  Youth Rehabilitation Services,2009-12-31 00:00:00+00:00,572.143508137433
Department of  Youth Rehabilitation Services,2010-12-31 00:00:00+00:00,445.99539379474953
Department of  Youth Rehabilitation Services,2011-12-31 00:00:00+00:00,424.5739885714287
Department of  Youth Rehabilitation Services,2012-12-31 00:00:00+00:00,462.81249406175795
Department of  Youth Rehabilitation Services,2013-12-31 00:00:00+00:00,389.63327655310565
Department of  Youth Rehabilitation Services,2014-12-31 00:00:00+00:00,418.1691803278684
Department of  Youth Rehabilitation Services,2015-12-31 00:00:00+00:00,530.6492290909079
Department of  Youth Rehabilitation Services,2016-12-31 00:00:00+00:00,462.28782581055117
Department of  Youth Rehabilitation Services,2017-12-31 00:00:00+00:00,497.14424355971784
Department of  Youth Rehabilitation Services,2018-12-31 00:00:00+00:00,557.0490612921031
Department of  Youth Rehabilitation Services,2019-12-31 00:00:00+00:00,502.9165243445685
Department of  Youth Rehabilitation Services,2020-12-31 00:00:00+00:00,567.5723359580053
Department of Consumer & Regulatory Affairs,2009-12-31 00:00:00+00:00,357.65687500000007
Department of Consumer & Regulatory Affairs,2010-12-31 00:00:00+00:00,426.8889510489507
Department of Consumer & Regulatory Affairs,2011-12-31 00:00:00+00:00,463.4133038348084
Department of Consumer & Regulatory Affairs,2012-12-31 00:00:00+00:00,519.8387162162162
Department of Consumer & Regulatory Affairs,2013-12-31 00:00:00+00:00,535.3379020979024
Department of Consumer & Regulatory Affairs,2014-12-31 00:00:00+00:00,519.1436440677965
Department of Consumer & Regulatory Affairs,2015-12-31 00:00:00+00:00,542.374729166667
Department of Consumer & Regulatory Affairs,2016-12-31 00:00:00+00:00,645.6504615384616
Department of Consumer & Regulatory Affairs,2017-12-31 00:00:00+00:00,678.2563650793651
Department of Consumer & Regulatory Affairs,2018-12-31 00:00:00+00:00,832.1702035623412
Department of Consumer & Regulatory Affairs,2019-12-31 00:00:00+00:00,993.527168674699
Department of Consumer & Regulatory Affairs,2020-12-31 00:00:00+00:00,864.7692783505154
Department of Corrections,2009-12-31 00:00:00+00:00,492.80312500000014
Department of Corrections,2010-12-31 00:00:00+00:00,620.6432065217384
Department of Corrections,2011-12-31 00:00:00+00:00,397.0121325051763
Department of Corrections,2012-12-31 00:00:00+00:00,428.1159210526318
Department of Corrections,2013-12-31 00:00:00+00:00,423.74055555555543
Department of Corrections,2014-12-31 00:00:00+00:00,491.04318279569907
Department of Corrections,2015-12-31 00:00:00+00:00,658.5905239179949
Department of Corrections,2016-12-31 00:00:00+00:00,656.4479092702176
Department of Corrections,2017-12-31 00:00:00+00:00,658.2468760907507
Department of Corrections,2018-12-31 00:00:00+00:00,652.314382022472
Department of Corrections,2019-12-31 00:00:00+00:00,641.3186723768738
Department of Corrections,2020-12-31 00:00:00+00:00,644.3394756554305
Department of Education,2009-12-31 00:00:00+00:00,274.80927152317884
Department of Education,2010-12-31 00:00:00+00:00,317.25790322580656
Department of Education,2011-12-31 00:00:00+00:00,495.9675
Department of Education,2012-12-31 00:00:00+00:00,495.2372093023256
Department of Education,2013-12-31 00:00:00+00:00,859.9621739130436
Department of Education,2014-12-31 00:00:00+00:00,901.0633333333334
Department of Education,2015-12-31 00:00:00+00:00,447.2578481012658
Department of Education,2016-12-31 00:00:00+00:00,449.6567142857142
Department of Education,2017-12-31 00:00:00+00:00,450.46587301587294
Department of Education,2018-12-31 00:00:00+00:00,802.839
Department of Education,2019-12-31 00:00:00+00:00,992.9261363636364
Department of Education,2020-12-31 00:00:00+00:00,640.6714285714285
Department of Employment Services,2009-12-31 00:00:00+00:00,692.860292397661
Department of Employment Services,2010-12-31 00:00:00+00:00,586.2197249999998
Department of Employment Services,2011-12-31 00:00:00+00:00,551.5736009732353
Department of Employment Services,2012-12-31 00:00:00+00:00,540.3617676767681
Department of Employment Services,2013-12-31 00:00:00+00:00,655.2791338582676
Department of Employment Services,2014-12-31 00:00:00+00:00,624.6850168350167
Department of Employment Services,2015-12-31 00:00:00+00:00,896.4106493506495
Department of Employment Services,2016-12-31 00:00:00+00:00,984.1311212814644
Department of Employment Services,2017-12-31 00:00:00+00:00,954.075760171306
Department of Employment Services,2018-12-31 00:00:00+00:00,860.1405342465761
Department of Employment Services,2019-12-31 00:00:00+00:00,882.2525671918421
Department of Employment Services,2020-12-31 00:00:00+00:00,814.8172514619885
Department of Health,2009-12-31 00:00:00+00:00,550.9638353510886
Department of Health,2010-12-31 00:00:00+00:00,502.5812861570251
Department of Health,2011-12-31 00:00:00+00:00,466.04379752851725
Department of Health,2012-12-31 00:00:00+00:00,492.7523776569442
Department of Health,2013-12-31 00:00:00+00:00,551.9357072691549
Department of Health,2014-12-31 00:00:00+00:00,603.0941887592787
Department of Health,2015-12-31 00:00:00+00:00,565.1302660753877
Department of Health,2016-12-31 00:00:00+00:00,676.5871276595742
Department of Health,2017-12-31 00:00:00+00:00,707.9481462925856
Department of Health,2018-12-31 00:00:00+00:00,581.2414380825561
Department of Health,2019-12-31 00:00:00+00:00,588.2600051255761
Department of Health,2020-12-31 00:00:00+00:00,742.6857526881731
Department of Health Care Finance,2009-12-31 00:00:00+00:00,327.7810071942445
Department of Health Care Finance,2010-12-31 00:00:00+00:00,387.5812500000001
Department of Health Care Finance,2011-12-31 00:00:00+00:00,586.4767525773193
Department of Health Care Finance,2012-12-31 00:00:00+00:00,540.9721078431376
Department of Health Care Finance,2013-12-31 00:00:00+00:00,361.64685185185186
Department of Health Care Finance,2014-12-31 00:00:00+00:00,561.076958174905
Department of Health Care Finance,2015-12-31 00:00:00+00:00,548.5487165775402
Department of Health Care Finance,2016-12-31 00:00:00+00:00,975.1701477832517
Department of Health Care Finance,2017-12-31 00:00:00+00:00,760.2426886792449
Department of Health Care Finance,2018-12-31 00:00:00+00:00,577.1889380530977
Department of Health Care Finance,2019-12-31 00:00:00+00:00,579.4929573170733
Department of Health Care Finance,2020-12-31 00:00:00+00:00,544.2724166666666
Department of Housing & Community Development,2009-12-31 00:00:00+00:00,402.384509202454
Department of Housing & Community Development,2010-12-31 00:00:00+00:00,379.524524361949
Department of Housing & Community Development,2011-12-31 00:00:00+00:00,443.2938258575199
Department of Housing & Community Development,2012-12-31 00:00:00+00:00,422.48016853932575
Department of Housing & Community Development,2013-12-31 00:00:00+00:00,438.4440232558138
Department of Housing & Community Development,2014-12-31 00:00:00+00:00,488.5451081530784
Department of Housing & Community Development,2015-12-31 00:00:00+00:00,577.3211136890952
Department of Housing & Community Development,2016-12-31 00:00:00+00:00,763.1912295081967
Department of Housing & Community Development,2017-12-31 00:00:00+00:00,661.5070318021203
Department of Housing & Community Development,2018-12-31 00:00:00+00:00,598.1593165467623
Department of Housing & Community Development,2019-12-31 00:00:00+00:00,810.7420812182742
Department of Housing & Community Development,2020-12-31 00:00:00+00:00,694.1338235294119
Department of Human Services,2009-12-31 00:00:00+00:00,517.9978524590163
Department of Human Services,2010-12-31 00:00:00+00:00,488.0599873257284
Department of Human Services,2011-12-31 00:00:00+00:00,502.15482500000036
Department of Human Services,2012-12-31 00:00:00+00:00,472.95366296670056
Department of Human Services,2013-12-31 00:00:00+00:00,677.1072672672667
Department of Human Services,2014-12-31 00:00:00+00:00,629.67294736842
Department of Human Services,2015-12-31 00:00:00+00:00,667.8362875197464
Department of Human Services,2016-12-31 00:00:00+00:00,799.1741469013007
Department of Human Services,2017-12-31 00:00:00+00:00,750.583754716981
Department of Human Services,2018-12-31 00:00:00+00:00,696.8757004405285
Department of Human Services,2019-12-31 00:00:00+00:00,642.7584774193547
Department of Human Services,2020-12-31 00:00:00+00:00,447.75182596291006
"Department of Insurance, Securities & Banking",2009-12-31 00:00:00+00:00,551.0974736842104
"Department of Insurance, Securities & Banking",2010-12-31 00:00:00+00:00,734.3680710659896
"Department of Insurance, Securities & Banking",2011-12-31 00:00:00+00:00,504.24742990654175
"Department of Insurance, Securities & Banking",2012-12-31 00:00:00+00:00,483.16246636771274
"Department of Insurance, Securities & Banking",2013-12-31 00:00:00+00:00,508.80615646258525
"Department of Insurance, Securities & Banking",2014-12-31 00:00:00+00:00,463.0245161290324
"Department of Insurance, Securities & Banking",2015-12-31 00:00:00+00:00,501.48215139442243
"Department of Insurance, Securities & Banking",2016-12-31 00:00:00+00:00,707.2048453608248
"Department of Insurance, Securities & Banking",2017-12-31 00:00:00+00:00,738.21368852459
"Department of Insurance, Securities & Banking",2018-12-31 00:00:00+00:00,944.1505309734514
"Department of Insurance, Securities & Banking",2019-12-31 00:00:00+00:00,1104.8933568904597
"Department of Insurance, Securities & Banking",2020-12-31 00:00:00+00:00,1007.6184536082474
Department of Mental Health,2009-12-31 00:00:00+00:00,397.75065217391284
Department of Mental Health,2010-12-31 00:00:00+00:00,425.2194991652752
Department of Mental Health,2011-12-31 00:00:00+00:00,393.9442242990646
Department of Mental Health,2012-12-31 00:00:00+00:00,377.1954827586212
Department of Mental Health,2013-12-31 00:00:00+00:00,366.5201694915254
Department of Mental Health,2014-12-31 00:00:00+00:00,455.23927623642834
Department of Mental Health,2015-12-31 00:00:00+00:00,449.2445595533487
Department of Mental Health,2016-12-31 00:00:00+00:00,602.4140305635118
Department of Mental Health,2017-12-31 00:00:00+00:00,435.852936777701
Department of Mental Health,2018-12-31 00:00:00+00:00,486.0939626001782
Department of Mental Health,2019-12-31 00:00:00+00:00,495.29971790443267
Department of Mental Health,2020-12-31 00:00:00+00:00,426.3380208333337
Department of Motor Vehicles,2009-12-31 00:00:00+00:00,594.9051877934271
Department of Motor Vehicles,2010-12-31 00:00:00+00:00,433.20458762886614
Department of Motor Vehicles,2011-12-31 00:00:00+00:00,362.95245487364633
Department of Motor Vehicles,2012-12-31 00:00:00+00:00,340.5972265625
Department of Motor Vehicles,2013-12-31 00:00:00+00:00,371.82628834355813
Department of Motor Vehicles,2014-12-31 00:00:00+00:00,406.42048843187655
Department of Motor Vehicles,2015-12-31 00:00:00+00:00,410.2206642066422
Department of Motor Vehicles,2016-12-31 00:00:00+00:00,482.74389763779504
Department of Motor Vehicles,2017-12-31 00:00:00+00:00,554.1465525672372
Department of Motor Vehicles,2018-12-31 00:00:00+00:00,504.25592499999993
Department of Motor Vehicles,2019-12-31 00:00:00+00:00,516.3816299559478
Department of Motor Vehicles,2020-12-31 00:00:00+00:00,431.31055793991425
Department of Parks & Recreation,2009-12-31 00:00:00+00:00,894.8172752808989
Department of Parks & Recreation,2010-12-31 00:00:00+00:00,769.3960380952382
Department of Parks & Recreation,2011-12-31 00:00:00+00:00,689.0036309523815
Department of Parks & Recreation,2012-12-31 00:00:00+00:00,652.0914645669299
Department of Parks & Recreation,2013-12-31 00:00:00+00:00,763.901769911505
Department of Parks & Recreation,2014-12-31 00:00:00+00:00,616.4932330827071
Department of Parks & Recreation,2015-12-31 00:00:00+00:00,829.424789719626
Department of Parks & Recreation,2016-12-31 00:00:00+00:00,979.4705459057074
Department of Parks & Recreation,2017-12-31 00:00:00+00:00,1125.0113832487307
Department of Parks & Recreation,2018-12-31 00:00:00+00:00,996.0339035087725
Department of Parks & Recreation,2019-12-31 00:00:00+00:00,945.9901648804615
Department of Parks & Recreation,2020-12-31 00:00:00+00:00,949.2421935483873
Department of Property Management,2009-12-31 00:00:00+00:00,791.6970762711858
Department of Property Management,2010-12-31 00:00:00+00:00,712.5570534550195
Department of Property Management,2011-12-31 00:00:00+00:00,664.3239795918364
Department of Property Management,2012-12-31 00:00:00+00:00,639.1923442808607
Department of Property Management,2013-12-31 00:00:00+00:00,668.9165539803707
Department of Property Management,2014-12-31 00:00:00+00:00,816.9430065359469
Department of Property Management,2015-12-31 00:00:00+00:00,809.4562202753448
Department of Property Management,2016-12-31 00:00:00+00:00,686.0554440497327
Department of Property Management,2017-12-31 00:00:00+00:00,736.485906210392
Department of Property Management,2018-12-31 00:00:00+00:00,710.3217413793101
Department of Property Management,2019-12-31 00:00:00+00:00,768.995281782437
Department of Property Management,2020-12-31 00:00:00+00:00,702.9265277777777
Department of Public Works,2009-12-31 00:00:00+00:00,564.7707929883139
Department of Public Works,2010-12-31 00:00:00+00:00,587.3511914893605
Department of Public Works,2011-12-31 00:00:00+00:00,577.3225787545789
Department of Public Works,2012-12-31 00:00:00+00:00,601.0697674418601
Department of Public Works,2013-12-31 00:00:00+00:00,558.7356185155617
Department of Public Works,2014-12-31 00:00:00+00:00,626.2327664974622
Department of Public Works,2015-12-31 00:00:00+00:00,733.6904611211579
Department of Public Works,2016-12-31 00:00:00+00:00,712.4525625
Department of Public Works,2017-12-31 00:00:00+00:00,678.3046103286374
Department of Public Works,2018-12-31 00:00:00+00:00,655.6477059569067
Department of Public Works,2019-12-31 00:00:00+00:00,721.727939814814
Department of Public Works,2020-12-31 00:00:00+00:00,792.2698299845437
Department of Small & Local Business Development,2009-12-31 00:00:00+00:00,570.5374137931035
Department of Small & Local Business Development,2010-12-31 00:00:00+00:00,405.8759574468086
Department of Small & Local Business Development,2011-12-31 00:00:00+00:00,716.9416129032257
Department of Small & Local Business Development,2012-12-31 00:00:00+00:00,513.4926451612903
Department of Small & Local Business Development,2013-12-31 00:00:00+00:00,651.807151162791
Department of Small & Local Business Development,2014-12-31 00:00:00+00:00,492.46791666666667
Department of Small & Local Business Development,2015-12-31 00:00:00+00:00,549.8675144508672
Department of Small & Local Business Development,2016-12-31 00:00:00+00:00,867.3649152542374
Department of Small & Local Business Development,2017-12-31 00:00:00+00:00,1067.7725619834712
Department of Small & Local Business Development,2018-12-31 00:00:00+00:00,1094.26
Department of Small & Local Business Development,2019-12-31 00:00:00+00:00,826.7589560439561
Department of Small & Local Business Development,2020-12-31 00:00:00+00:00,935.8105747126439
Department on Disability Services,2009-12-31 00:00:00+00:00,455.33947030497575
Department on Disability Services,2010-12-31 00:00:00+00:00,417.6702473262033
Department on Disability Services,2011-12-31 00:00:00+00:00,433.9644847328245
Department on Disability Services,2012-12-31 00:00:00+00:00,310.02331372548986
Department on Disability Services,2013-12-31 00:00:00+00:00,260.037131931166
Department on Disability Services,2014-12-31 00:00:00+00:00,306.4020361247945
Department on Disability Services,2015-12-31 00:00:00+00:00,279.5865093768902
Department on Disability Services,2016-12-31 00:00:00+00:00,215.496464811784
Department on Disability Services,2017-12-31 00:00:00+00:00,200.97846550356854
Department on Disability Services,2018-12-31 00:00:00+00:00,232.7970247395839
Department on Disability Services,2019-12-31 00:00:00+00:00,226.689865376525
Department on Disability Services,2020-12-31 00:00:00+00:00,223.78523743016768
Deputy Mayor for Economic Development,2009-12-31 00:00:00+00:00,706.5758333333332
Deputy Mayor for Economic Development,2010-12-31 00:00:00+00:00,466.8888297872341
Deputy Mayor for Economic Development,2011-12-31 00:00:00+00:00,382.90524390243905
Deputy Mayor for Economic Development,2012-12-31 00:00:00+00:00,328.10818681318665
Deputy Mayor for Economic Development,2013-12-31 00:00:00+00:00,276.9900529100529
Deputy Mayor for Economic Development,2014-12-31 00:00:00+00:00,422.32323987538933
Deputy Mayor for Economic Development,2015-12-31 00:00:00+00:00,527.6680198019799
Deputy Mayor for Economic Development,2016-12-31 00:00:00+00:00,610.764531835206
Deputy Mayor for Economic Development,2017-12-31 00:00:00+00:00,591.7754326923077
Deputy Mayor for Economic Development,2018-12-31 00:00:00+00:00,434.2190285714287
Deputy Mayor for Economic Development,2019-12-31 00:00:00+00:00,586.5167080745342
Deputy Mayor for Economic Development,2020-12-31 00:00:00+00:00,415.2745312500001
Disability Compensation Fund,2009-12-31 00:00:00+00:00,536.3280434782608
Disability Compensation Fund,2010-12-31 00:00:00+00:00,0.0
Disability Compensation Fund,2011-12-31 00:00:00+00:00,0.0
Disability Compensation Fund,2012-12-31 00:00:00+00:00,0.0
Disability Compensation Fund,2013-12-31 00:00:00+00:00,0.0
Disability Compensation Fund,2014-12-31 00:00:00+00:00,0.0
Disability Compensation Fund,2015-12-31 00:00:00+00:00,0.0
Disability Compensation Fund,2016-12-31 00:00:00+00:00,0.0
Disability Compensation Fund,2017-12-31 00:00:00+00:00,0.0
Disability Compensation Fund,2018-12-31 00:00:00+00:00,0.0
Disability Compensation Fund,2019-12-31 00:00:00+00:00,1020.5866666666667
Disability Compensation Fund,2020-12-31 00:00:00+00:00,91.43866666666666
District Department of Transportation,2009-12-31 00:00:00+00:00,466.85043983822004
District Department of Transportation,2010-12-31 00:00:00+00:00,483.87720505151015
District Department of Transportation,2011-12-31 00:00:00+00:00,426.24173165618345
District Department of Transportation,2012-12-31 00:00:00+00:00,373.2921771217706
District Department of Transportation,2013-12-31 00:00:00+00:00,415.9908155844149
District Department of Transportation,2014-12-31 00:00:00+00:00,467.8547512326301
District Department of Transportation,2015-12-31 00:00:00+00:00,478.0552714708772
District Department of Transportation,2016-12-31 00:00:00+00:00,408.08170842824444
District Department of Transportation,2017-12-31 00:00:00+00:00,468.13777211671913
District Department of Transportation,2018-12-31 00:00:00+00:00,465.6169529540478
District Department of Transportation,2019-12-31 00:00:00+00:00,483.3809644039723
District Department of Transportation,2020-12-31 00:00:00+00:00,523.7776005547846
District Department of the Environment,2009-12-31 00:00:00+00:00,583.2030580539656
District Department of the Environment,2010-12-31 00:00:00+00:00,552.6462331482954
District Department of the Environment,2011-12-31 00:00:00+00:00,558.5559983831852
District Department of the Environment,2012-12-31 00:00:00+00:00,506.023131474103
District Department of the Environment,2013-12-31 00:00:00+00:00,554.8515946205566
District Department of the Environment,2014-12-31 00:00:00+00:00,526.8328172386276
District Department of the Environment,2015-12-31 00:00:00+00:00,643.6785542168665
District Department of the Environment,2016-12-31 00:00:00+00:00,574.3540791366902
District Department of the Environment,2017-12-31 00:00:00+00:00,561.798619607842
District Department of the Environment,2018-12-31 00:00:00+00:00,534.0792234548329
District Department of the Environment,2019-12-31 00:00:00+00:00,493.8576272912413
District Department of the Environment,2020-12-31 00:00:00+00:00,547.3421070811746
District of Columbia Public Schools,2010-12-31 00:00:00+00:00,1611.846923076923
District of Columbia Public Schools,2011-12-31 00:00:00+00:00,387.12658914728667
District of Columbia Public Schools,2012-12-31 00:00:00+00:00,395.28152173913037
District of Columbia Public Schools,2013-12-31 00:00:00+00:00,942.4009090909091
District of Columbia Public Schools,2014-12-31 00:00:00+00:00,444.613656542056
District of Columbia Public Schools,2015-12-31 00:00:00+00:00,465.56545061728144
District of Columbia Public Schools,2016-12-31 00:00:00+00:00,503.45519070736236
District of Columbia Public Schools,2017-12-31 00:00:00+00:00,519.88716189041
District of Columbia Public Schools,2018-12-31 00:00:00+00:00,531.531997746141
District of Columbia Public Schools,2019-12-31 00:00:00+00:00,563.0385561151196
District of Columbia Public Schools,2020-12-31 00:00:00+00:00,525.9110191913545
Fire & Emergency Medical Services,2009-12-31 00:00:00+00:00,621.3851237215422
Fire & Emergency Medical Services,2010-12-31 00:00:00+00:00,530.116429160933
Fire & Emergency Medical Services,2011-12-31 00:00:00+00:00,660.8709776638578
Fire & Emergency Medical Services,2012-12-31 00:00:00+00:00,702.941182909603
Fire & Emergency Medical Services,2013-12-31 00:00:00+00:00,768.2787398005428
Fire & Emergency Medical Services,2014-12-31 00:00:00+00:00,839.0037720930217
Fire & Emergency Medical Services,2015-12-31 00:00:00+00:00,847.6180974325206
Fire & Emergency Medical Services,2016-12-31 00:00:00+00:00,842.7716083150988
Fire & Emergency Medical Services,2017-12-31 00:00:00+00:00,856.5367565359477
Fire & Emergency Medical Services,2018-12-31 00:00:00+00:00,767.2415441176462
Fire & Emergency Medical Services,2019-12-31 00:00:00+00:00,783.6371249999997
Fire & Emergency Medical Services,2020-12-31 00:00:00+00:00,767.5597435897437
Homeland Security/Emergency Management,2009-12-31 00:00:00+00:00,493.5423287671234
Homeland Security/Emergency Management,2010-12-31 00:00:00+00:00,549.5454054054055
Homeland Security/Emergency Management,2011-12-31 00:00:00+00:00,826.1242342342343
Homeland Security/Emergency Management,2012-12-31 00:00:00+00:00,628.3378640776699
Homeland Security/Emergency Management,2013-12-31 00:00:00+00:00,707.2557857142857
Homeland Security/Emergency Management,2014-12-31 00:00:00+00:00,488.8826174496644
Homeland Security/Emergency Management,2015-12-31 00:00:00+00:00,582.5017045454547
Homeland Security/Emergency Management,2016-12-31 00:00:00+00:00,597.6103240740742
Homeland Security/Emergency Management,2017-12-31 00:00:00+00:00,661.6801746724891
Homeland Security/Emergency Management,2018-12-31 00:00:00+00:00,791.7534101382487
Homeland Security/Emergency Management,2019-12-31 00:00:00+00:00,728.2340826873385
Homeland Security/Emergency Management,2020-12-31 00:00:00+00:00,781.08427672956
Judicial Nomination Commission,2009-12-31 00:00:00+00:00,354.4042857142857
Judicial Nomination Commission,2010-12-31 00:00:00+00:00,236.7925
Judicial Nomination Commission,2011-12-31 00:00:00+00:00,260.91591836734693
Judicial Nomination Commission,2012-12-31 00:00:00+00:00,429.3624999999999
Judicial Nomination Commission,2013-12-31 00:00:00+00:00,556.289
Judicial Nomination Commission,2014-12-31 00:00:00+00:00,192.2551219512195
Judicial Nomination Commission,2015-12-31 00:00:00+00:00,102.87222222222226
Judicial Nomination Commission,2016-12-31 00:00:00+00:00,88.48917808219174
Judicial Nomination Commission,2017-12-31 00:00:00+00:00,119.78171428571423
Judicial Nomination Commission,2018-12-31 00:00:00+00:00,153.13625000000002
Judicial Nomination Commission,2019-12-31 00:00:00+00:00,267.72674418604646
Judicial Nomination Commission,2020-12-31 00:00:00+00:00,64.41235294117648
Medical Liability Captive Insurance Agency,2009-12-31 00:00:00+00:00,308.7626666666667
Medical Liability Captive Insurance Agency,2010-12-31 00:00:00+00:00,174.43
Medical Liability Captive Insurance Agency,2011-12-31 00:00:00+00:00,402.175
Medical Liability Captive Insurance Agency,2012-12-31 00:00:00+00:00,1000.0200000000001
Medical Liability Captive Insurance Agency,2013-12-31 00:00:00+00:00,1522.6299999999999
Medical Liability Captive Insurance Agency,2014-12-31 00:00:00+00:00,1583.7
Medical Liability Captive Insurance Agency,2015-12-31 00:00:00+00:00,1666.4899999999998
Medical Liability Captive Insurance Agency,2016-12-31 00:00:00+00:00,3953.815
Medical Liability Captive Insurance Agency,2017-12-31 00:00:00+00:00,0.0
Medical Liability Captive Insurance Agency,2018-12-31 00:00:00+00:00,0.0
Medical Liability Captive Insurance Agency,2019-12-31 00:00:00+00:00,193.66833333333332
Medical Liability Captive Insurance Agency,2020-12-31 00:00:00+00:00,2216.2650000000003
Metropolitan Police Department,2009-12-31 00:00:00+00:00,590.6387404092061
Metropolitan Police Department,2010-12-31 00:00:00+00:00,567.099159847244
Metropolitan Police Department,2011-12-31 00:00:00+00:00,614.1685704560921
Metropolitan Police Department,2012-12-31 00:00:00+00:00,612.5191315965259
Metropolitan Police Department,2013-12-31 00:00:00+00:00,509.6356756756749
Metropolitan Police Department,2014-12-31 00:00:00+00:00,639.5126032013474
Metropolitan Police Department,2015-12-31 00:00:00+00:00,866.244488272921
Metropolitan Police Department,2016-12-31 00:00:00+00:00,719.1915824915826
Metropolitan Police Department,2017-12-31 00:00:00+00:00,735.8450822239622
Metropolitan Police Department,2018-12-31 00:00:00+00:00,580.7702533936649
Metropolitan Police Department,2019-12-31 00:00:00+00:00,650.2808838709668
Metropolitan Police Department,2020-12-31 00:00:00+00:00,663.3194462540716
NFP Hospital Corporation,2010-12-31 00:00:00+00:00,63.656666666666666
NFP Hospital Corporation,2011-12-31 00:00:00+00:00,435.5670408163264
NFP Hospital Corporation,2012-12-31 00:00:00+00:00,376.15698564593305
NFP Hospital Corporation,2013-12-31 00:00:00+00:00,389.00010101010093
NFP Hospital Corporation,2014-12-31 00:00:00+00:00,236.321
OFFICE OF CAMPAIGN FINANCE,2012-12-31 00:00:00+00:00,733.265
OFFICE OF CAMPAIGN FINANCE,2013-12-31 00:00:00+00:00,1021.5235714285715
OFFICE OF CAMPAIGN FINANCE,2014-12-31 00:00:00+00:00,289.573870967742
OFFICE OF CAMPAIGN FINANCE,2015-12-31 00:00:00+00:00,1178.5400000000002
OFFICE OF CAMPAIGN FINANCE,2016-12-31 00:00:00+00:00,418.39478260869566
OFFICE OF CAMPAIGN FINANCE,2017-12-31 00:00:00+00:00,394.7442105263158
OFFICE OF CAMPAIGN FINANCE,2018-12-31 00:00:00+00:00,757.4771428571429
OFFICE OF CAMPAIGN FINANCE,2019-12-31 00:00:00+00:00,1015.5945714285712
OFFICE OF CAMPAIGN FINANCE,2020-12-31 00:00:00+00:00,599.5207692307692
OFFICE OF PEOPLE'S COUNSEL,2012-12-31 00:00:00+00:00,619.772558139535
OFFICE OF PEOPLE'S COUNSEL,2013-12-31 00:00:00+00:00,760.6500460829494
OFFICE OF PEOPLE'S COUNSEL,2014-12-31 00:00:00+00:00,555.3088771929824
OFFICE OF PEOPLE'S COUNSEL,2015-12-31 00:00:00+00:00,582.4551923076923
OFFICE OF PEOPLE'S COUNSEL,2016-12-31 00:00:00+00:00,620.0584347826086
OFFICE OF PEOPLE'S COUNSEL,2017-12-31 00:00:00+00:00,583.1516498316496
OFFICE OF PEOPLE'S COUNSEL,2018-12-31 00:00:00+00:00,404.8856168831168
OFFICE OF PEOPLE'S COUNSEL,2019-12-31 00:00:00+00:00,490.3967058823531
OFFICE OF PEOPLE'S COUNSEL,2020-12-31 00:00:00+00:00,388.95289062499995
Office of Administrative Hearings,2009-12-31 00:00:00+00:00,419.23838709677443
Office of Administrative Hearings,2010-12-31 00:00:00+00:00,1054.9195833333338
Office of Administrative Hearings,2011-12-31 00:00:00+00:00,653.4555462184875
Office of Administrative Hearings,2012-12-31 00:00:00+00:00,426.4238356164383
Office of Administrative Hearings,2013-12-31 00:00:00+00:00,362.61125000000004
Office of Administrative Hearings,2014-12-31 00:00:00+00:00,264.20198019801984
Office of Administrative Hearings,2015-12-31 00:00:00+00:00,562.2260869565217
Office of Administrative Hearings,2016-12-31 00:00:00+00:00,430.29339869281034
Office of Administrative Hearings,2017-12-31 00:00:00+00:00,347.1096
Office of Administrative Hearings,2018-12-31 00:00:00+00:00,373.6290654205608
Office of Administrative Hearings,2019-12-31 00:00:00+00:00,565.355503875969
Office of Administrative Hearings,2020-12-31 00:00:00+00:00,753.7818333333333
Office of Cable TV,2009-12-31 00:00:00+00:00,523.5498230088496
Office of Cable TV,2010-12-31 00:00:00+00:00,436.1428125000003
Office of Cable TV,2011-12-31 00:00:00+00:00,504.6506164383563
Office of Cable TV,2012-12-31 00:00:00+00:00,569.1981818181819
Office of Cable TV,2013-12-31 00:00:00+00:00,509.9811194029852
Office of Cable TV,2014-12-31 00:00:00+00:00,668.3084324324327
Office of Cable TV,2015-12-31 00:00:00+00:00,907.0071428571428
Office of Community Affairs,2009-12-31 00:00:00+00:00,708.070695652174
Office of Community Affairs,2010-12-31 00:00:00+00:00,665.8908181818182
Office of Community Affairs,2011-12-31 00:00:00+00:00,273.2166666666667
Office of Contracting & Procurement,2009-12-31 00:00:00+00:00,255.0796715328468
Office of Contracting & Procurement,2010-12-31 00:00:00+00:00,219.2860317460317
Office of Contracting & Procurement,2011-12-31 00:00:00+00:00,1017.7239935064931
Office of Contracting & Procurement,2012-12-31 00:00:00+00:00,10497.725996472662
Office of Contracting & Procurement,2013-12-31 00:00:00+00:00,1906.5110928961699
Office of Contracting & Procurement,2014-12-31 00:00:00+00:00,923.6715053763443
Office of Contracting & Procurement,2015-12-31 00:00:00+00:00,1146.3502352941177
Office of Contracting & Procurement,2016-12-31 00:00:00+00:00,42781.63240917781
Office of Contracting & Procurement,2017-12-31 00:00:00+00:00,1115.5987462686571
Office of Contracting & Procurement,2018-12-31 00:00:00+00:00,1219.1616599190288
Office of Contracting & Procurement,2019-12-31 00:00:00+00:00,1281.1166819221971
Office of Contracting & Procurement,2020-12-31 00:00:00+00:00,775.0186524822693
Office of Disability Rights,2009-12-31 00:00:00+00:00,394.9617857142857
Office of Disability Rights,2010-12-31 00:00:00+00:00,383.37551282051277
Office of Disability Rights,2011-12-31 00:00:00+00:00,347.1766666666667
Office of Disability Rights,2012-12-31 00:00:00+00:00,254.03343749999996
Office of Disability Rights,2013-12-31 00:00:00+00:00,571.6229268292683
Office of Disability Rights,2014-12-31 00:00:00+00:00,477.01703124999995
Office of Disability Rights,2015-12-31 00:00:00+00:00,365.85724637681176
Office of Disability Rights,2016-12-31 00:00:00+00:00,482.8244000000002
Office of Disability Rights,2017-12-31 00:00:00+00:00,780.6139130434782
Office of Disability Rights,2018-12-31 00:00:00+00:00,458.8457
Office of Disability Rights,2019-12-31 00:00:00+00:00,512.6547712418298
Office of Disability Rights,2020-12-31 00:00:00+00:00,305.16542857142855
Office of Employee Appeals,2009-12-31 00:00:00+00:00,312.84785714285715
Office of Employee Appeals,2010-12-31 00:00:00+00:00,511.05
Office of Employee Appeals,2011-12-31 00:00:00+00:00,544.6989285714287
Office of Employee Appeals,2012-12-31 00:00:00+00:00,857.0175
Office of Employee Appeals,2013-12-31 00:00:00+00:00,728.1680303030305
Office of Employee Appeals,2014-12-31 00:00:00+00:00,597.4808860759492
Office of Employee Appeals,2015-12-31 00:00:00+00:00,971.7802564102565
Office of Employee Appeals,2016-12-31 00:00:00+00:00,842.846056338028
Office of Employee Appeals,2017-12-31 00:00:00+00:00,1029.6121568627452
Office of Employee Appeals,2018-12-31 00:00:00+00:00,738.2648484848486
Office of Employee Appeals,2019-12-31 00:00:00+00:00,870.2386842105265
Office of Employee Appeals,2020-12-31 00:00:00+00:00,476.9420833333333
Office of Finance & Resource Management,2009-12-31 00:00:00+00:00,818.6
Office of Finance & Resource Management,2010-12-31 00:00:00+00:00,524.0740944881891
Office of Finance & Resource Management,2011-12-31 00:00:00+00:00,472.136603773585
Office of Finance & Resource Management,2012-12-31 00:00:00+00:00,436.928636363636
Office of Finance & Resource Management,2013-12-31 00:00:00+00:00,436.16047619047606
Office of Finance & Resource Management,2014-12-31 00:00:00+00:00,345.75672727272735
Office of Finance & Resource Management,2015-12-31 00:00:00+00:00,296.224423076923
Office of Finance & Resource Management,2016-12-31 00:00:00+00:00,684.9436428571429
Office of Finance & Resource Management,2017-12-31 00:00:00+00:00,620.1685561497327
Office of Finance & Resource Management,2018-12-31 00:00:00+00:00,783.2032743362836
Office of Finance & Resource Management,2019-12-31 00:00:00+00:00,780.8472427983542
Office of Finance & Resource Management,2020-12-31 00:00:00+00:00,393.1393333333333
Office of Human Rights,2009-12-31 00:00:00+00:00,807.4079661016947
Office of Human Rights,2010-12-31 00:00:00+00:00,523.6946846846846
Office of Human Rights,2011-12-31 00:00:00+00:00,660.4002727272726
Office of Human Rights,2012-12-31 00:00:00+00:00,473.657
Office of Human Rights,2013-12-31 00:00:00+00:00,427.81576086956517
Office of Human Rights,2014-12-31 00:00:00+00:00,317.38960227272725
Office of Human Rights,2015-12-31 00:00:00+00:00,315.90968992248065
Office of Human Rights,2016-12-31 00:00:00+00:00,278.25850746268657
Office of Human Rights,2017-12-31 00:00:00+00:00,311.3431818181819
Office of Human Rights,2018-12-31 00:00:00+00:00,450.5911267605634
Office of Human Rights,2019-12-31 00:00:00+00:00,301.26072463768105
Office of Human Rights,2020-12-31 00:00:00+00:00,399.23849056603757
Office of Justice Grants Administration,2009-12-31 00:00:00+00:00,540.0388888888889
Office of Justice Grants Administration,2010-12-31 00:00:00+00:00,309.1213636363636
Office of Justice Grants Administration,2011-12-31 00:00:00+00:00,450.51629629629633
Office of Justice Grants Administration,2012-12-31 00:00:00+00:00,0.0
Office of Justice Grants Administration,2013-12-31 00:00:00+00:00,0.0
Office of Justice Grants Administration,2014-12-31 00:00:00+00:00,0.0
Office of Justice Grants Administration,2015-12-31 00:00:00+00:00,0.0
Office of Justice Grants Administration,2016-12-31 00:00:00+00:00,859.0038888888889
Office of Justice Grants Administration,2017-12-31 00:00:00+00:00,967.1418309859156
Office of Justice Grants Administration,2018-12-31 00:00:00+00:00,642.4798765432098
Office of Justice Grants Administration,2019-12-31 00:00:00+00:00,868.8695967741937
Office of Justice Grants Administration,2020-12-31 00:00:00+00:00,775.7836000000002
Office of Latino Affairs,2009-12-31 00:00:00+00:00,200.9895588235294
Office of Latino Affairs,2010-12-31 00:00:00+00:00,412.8155737704919
Office of Latino Affairs,2011-12-31 00:00:00+00:00,520.3975555555555
Office of Latino Affairs,2012-12-31 00:00:00+00:00,553.2989062500001
Office of Latino Affairs,2013-12-31 00:00:00+00:00,467.51179104477615
Office of Latino Affairs,2014-12-31 00:00:00+00:00,369.58913043478265
Office of Latino Affairs,2015-12-31 00:00:00+00:00,653.9533802816901
Office of Latino Affairs,2016-12-31 00:00:00+00:00,614.7546052631579
Office of Latino Affairs,2017-12-31 00:00:00+00:00,862.0560550458715
Office of Latino Affairs,2018-12-31 00:00:00+00:00,878.6515053763442
Office of Latino Affairs,2019-12-31 00:00:00+00:00,856.1926724137932
Office of Latino Affairs,2020-12-31 00:00:00+00:00,742.0855339805827
Office of Motion Pictures & Television,2009-12-31 00:00:00+00:00,383.003125
Office of Motion Pictures & Television,2010-12-31 00:00:00+00:00,491.0842028985509
Office of Motion Pictures & Television,2011-12-31 00:00:00+00:00,343.8415217391304
Office of Motion Pictures & Television,2012-12-31 00:00:00+00:00,356.5593604651162
Office of Motion Pictures & Television,2013-12-31 00:00:00+00:00,281.4176271186441
Office of Motion Pictures & Television,2014-12-31 00:00:00+00:00,327.18223776223766
Office of Motion Pictures & Television,2015-12-31 00:00:00+00:00,347.50153846153853
Office of Municipal Planning,2009-12-31 00:00:00+00:00,650.74078313253
Office of Municipal Planning,2010-12-31 00:00:00+00:00,597.6281318681318
Office of Municipal Planning,2011-12-31 00:00:00+00:00,636.7719736842105
Office of Municipal Planning,2012-12-31 00:00:00+00:00,593.2318803418802
Office of Municipal Planning,2013-12-31 00:00:00+00:00,539.3272398190044
Office of Municipal Planning,2014-12-31 00:00:00+00:00,613.7878695652175
Office of Municipal Planning,2015-12-31 00:00:00+00:00,735.4705376344085
Office of Municipal Planning,2016-12-31 00:00:00+00:00,437.4441608391609
Office of Municipal Planning,2017-12-31 00:00:00+00:00,491.7041784037559
Office of Municipal Planning,2018-12-31 00:00:00+00:00,432.41350318471325
Office of Municipal Planning,2019-12-31 00:00:00+00:00,633.01735483871
Office of Municipal Planning,2020-12-31 00:00:00+00:00,1065.2301923076925
Office of Partnership & Grant Services,2009-12-31 00:00:00+00:00,669.9897841726619
Office of Partnership & Grant Services,2010-12-31 00:00:00+00:00,615.0338235294117
Office of Police Complaints,2009-12-31 00:00:00+00:00,481.07974025974045
Office of Police Complaints,2010-12-31 00:00:00+00:00,539.4043382352941
Office of Police Complaints,2011-12-31 00:00:00+00:00,533.1105063291141
Office of Police Complaints,2012-12-31 00:00:00+00:00,404.5770852017937
Office of Police Complaints,2013-12-31 00:00:00+00:00,389.0530864197532
Office of Police Complaints,2014-12-31 00:00:00+00:00,385.20628272251304
Office of Police Complaints,2015-12-31 00:00:00+00:00,345.5632786885245
Office of Police Complaints,2016-12-31 00:00:00+00:00,397.9503125000002
Office of Police Complaints,2017-12-31 00:00:00+00:00,392.0709433962264
Office of Police Complaints,2018-12-31 00:00:00+00:00,101.36793969849249
Office of Police Complaints,2019-12-31 00:00:00+00:00,312.7517934782607
Office of Police Complaints,2020-12-31 00:00:00+00:00,304.99533333333335
Office of Public Educational Facilities Modernization,2009-12-31 00:00:00+00:00,640.6720930232559
Office of Public Educational Facilities Modernization,2010-12-31 00:00:00+00:00,576.4216981132075
Office of Public Educational Facilities Modernization,2011-12-31 00:00:00+00:00,409.1225925925926
Office of Unified Communications,2009-12-31 00:00:00+00:00,672.1712612612612
Office of Unified Communications,2010-12-31 00:00:00+00:00,641.8040625
Office of Unified Communications,2011-12-31 00:00:00+00:00,736.3559420289856
Office of Unified Communications,2012-12-31 00:00:00+00:00,615.5063749999997
Office of Unified Communications,2013-12-31 00:00:00+00:00,566.5345967741933
Office of Unified Communications,2014-12-31 00:00:00+00:00,612.0744000000001
Office of Unified Communications,2015-12-31 00:00:00+00:00,693.32137254902
Office of Unified Communications,2016-12-31 00:00:00+00:00,635.3877112676058
Office of Unified Communications,2017-12-31 00:00:00+00:00,545.1217808219177
Office of Unified Communications,2018-12-31 00:00:00+00:00,560.0253886010361
Office of Unified Communications,2019-12-31 00:00:00+00:00,588.1163917525773
Office of Unified Communications,2020-12-31 00:00:00+00:00,669.4607189542487
Office of Veterans Affairs,2009-12-31 00:00:00+00:00,890.8455555555556
Office of Veterans Affairs,2010-12-31 00:00:00+00:00,1062.779411764706
Office of Veterans Affairs,2011-12-31 00:00:00+00:00,446.97399999999993
Office of Veterans Affairs,2012-12-31 00:00:00+00:00,448.73409090909087
Office of Veterans Affairs,2013-12-31 00:00:00+00:00,599.9717647058824
Office of Veterans Affairs,2014-12-31 00:00:00+00:00,508.89878787878786
Office of Veterans Affairs,2015-12-31 00:00:00+00:00,631.3117647058824
Office of Veterans Affairs,2016-12-31 00:00:00+00:00,1096.5504347826086
Office of Veterans Affairs,2017-12-31 00:00:00+00:00,1326.6316
Office of Veterans Affairs,2018-12-31 00:00:00+00:00,863.5715789473685
Office of Veterans Affairs,2019-12-31 00:00:00+00:00,721.1905263157894
Office of Veterans Affairs,2020-12-31 00:00:00+00:00,728.0699999999999
Office of Victim Services,2009-12-31 00:00:00+00:00,191.5568518518518
Office of Victim Services,2010-12-31 00:00:00+00:00,187.3948051948051
Office of Victim Services,2011-12-31 00:00:00+00:00,170.35910447761185
Office of Zoning,2009-12-31 00:00:00+00:00,709.3203846153846
Office of Zoning,2010-12-31 00:00:00+00:00,623.899387755102
Office of Zoning,2011-12-31 00:00:00+00:00,647.4010714285714
Office of Zoning,2012-12-31 00:00:00+00:00,822.6480952380953
Office of Zoning,2013-12-31 00:00:00+00:00,612.7150684931507
Office of Zoning,2014-12-31 00:00:00+00:00,520.5616049382717
Office of Zoning,2015-12-31 00:00:00+00:00,474.29439024390246
Office of Zoning,2016-12-31 00:00:00+00:00,490.2126
Office of Zoning,2017-12-31 00:00:00+00:00,632.7390909090908
Office of Zoning,2018-12-31 00:00:00+00:00,744.7015151515152
Office of Zoning,2019-12-31 00:00:00+00:00,458.480909090909
Office of Zoning,2020-12-31 00:00:00+00:00,426.02000000000004
Office of the Attorney General,2009-12-31 00:00:00+00:00,651.4006070287543
Office of the Attorney General,2010-12-31 00:00:00+00:00,541.3979876796714
Office of the Attorney General,2011-12-31 00:00:00+00:00,601.0977149321268
Office of the Attorney General,2012-12-31 00:00:00+00:00,575.1749081803013
Office of the Attorney General,2013-12-31 00:00:00+00:00,571.5934042553189
Office of the Attorney General,2014-12-31 00:00:00+00:00,574.9023791821562
Office of the Attorney General,2015-12-31 00:00:00+00:00,506.7821158129175
Office of the Attorney General,2016-12-31 00:00:00+00:00,597.9452500000001
Office of the Attorney General,2017-12-31 00:00:00+00:00,623.2899078341018
Office of the Attorney General,2018-12-31 00:00:00+00:00,610.3503059273423
Office of the Attorney General,2019-12-31 00:00:00+00:00,453.6019456521729
Office of the Attorney General,2020-12-31 00:00:00+00:00,411.82734939759035
Office of the Chief Financial Officer,2009-12-31 00:00:00+00:00,372.41408820023844
Office of the Chief Financial Officer,2010-12-31 00:00:00+00:00,430.79890658174065
Office of the Chief Financial Officer,2011-12-31 00:00:00+00:00,406.69206976744215
Office of the Chief Financial Officer,2012-12-31 00:00:00+00:00,365.1427459459459
Office of the Chief Financial Officer,2013-12-31 00:00:00+00:00,335.27387163561076
Office of the Chief Financial Officer,2014-12-31 00:00:00+00:00,384.2087716262972
Office of the Chief Financial Officer,2015-12-31 00:00:00+00:00,438.9220239282155
Office of the Chief Financial Officer,2016-12-31 00:00:00+00:00,447.3722602739726
Office of the Chief Financial Officer,2017-12-31 00:00:00+00:00,484.0331653225811
Office of the Chief Financial Officer,2018-12-31 00:00:00+00:00,507.9589779005526
Office of the Chief Financial Officer,2019-12-31 00:00:00+00:00,476.66597391304316
Office of the Chief Financial Officer,2020-12-31 00:00:00+00:00,423.01805755395725
Office of the Chief Medical Examiner,2009-12-31 00:00:00+00:00,695.3010370370372
Office of the Chief Medical Examiner,2010-12-31 00:00:00+00:00,566.396074766355
Office of the Chief Medical Examiner,2011-12-31 00:00:00+00:00,654.6869354838709
Office of the Chief Medical Examiner,2012-12-31 00:00:00+00:00,375.58814814814804
Office of the Chief Medical Examiner,2013-12-31 00:00:00+00:00,551.4218333333333
Office of the Chief Medical Examiner,2014-12-31 00:00:00+00:00,543.8749056603774
Office of the Chief Medical Examiner,2015-12-31 00:00:00+00:00,898.3003076923077
Office of the Chief Medical Examiner,2016-12-31 00:00:00+00:00,846.2887096774192
Office of the Chief Medical Examiner,2017-12-31 00:00:00+00:00,1075.744482758621
Office of the Chief Medical Examiner,2018-12-31 00:00:00+00:00,535.9210377358489
Office of the Chief Medical Examiner,2019-12-31 00:00:00+00:00,557.5501219512195
Office of the Chief Medical Examiner,2020-12-31 00:00:00+00:00,282.4758035714284
Office of the Chief Technology Officer,2009-12-31 00:00:00+00:00,771.2264229765022
Office of the Chief Technology Officer,2010-12-31 00:00:00+00:00,634.4286618004865
Office of the Chief Technology Officer,2011-12-31 00:00:00+00:00,587.0926595744683
Office of the Chief Technology Officer,2012-12-31 00:00:00+00:00,511.14016393442597
Office of the Chief Technology Officer,2013-12-31 00:00:00+00:00,539.6793093922652
Office of the Chief Technology Officer,2014-12-31 00:00:00+00:00,518.9406952965232
Office of the Chief Technology Officer,2015-12-31 00:00:00+00:00,704.3039525691707
Office of the Chief Technology Officer,2016-12-31 00:00:00+00:00,795.9806530612242
Office of the Chief Technology Officer,2017-12-31 00:00:00+00:00,833.4315555555559
Office of the Chief Technology Officer,2018-12-31 00:00:00+00:00,694.0785161290324
Office of the Chief Technology Officer,2019-12-31 00:00:00+00:00,659.983188976378
Office of the Chief Technology Officer,2020-12-31 00:00:00+00:00,685.4523076923082
Office of the Inspector General,2009-12-31 00:00:00+00:00,487.4141644562336
Office of the Inspector General,2010-12-31 00:00:00+00:00,521.574121037464
Office of the Inspector General,2011-12-31 00:00:00+00:00,457.8067931688805
Office of the Inspector General,2012-12-31 00:00:00+00:00,477.686238317757
Office of the Inspector General,2013-12-31 00:00:00+00:00,434.89568329718037
Office of the Inspector General,2014-12-31 00:00:00+00:00,602.7630263157897
Office of the Inspector General,2015-12-31 00:00:00+00:00,661.256836734694
Office of the Inspector General,2016-12-31 00:00:00+00:00,931.1252380952388
Office of the Inspector General,2017-12-31 00:00:00+00:00,828.0099027237353
Office of the Inspector General,2018-12-31 00:00:00+00:00,684.4082531645569
Office of the Inspector General,2019-12-31 00:00:00+00:00,529.1016822429906
Office of the Inspector General,2020-12-31 00:00:00+00:00,482.7169491525421
Office of the Mayor,2009-12-31 00:00:00+00:00,409.8265273311899
Office of the Mayor,2010-12-31 00:00:00+00:00,369.5279446640316
Office of the Mayor,2011-12-31 00:00:00+00:00,540.9428614008938
Office of the Mayor,2012-12-31 00:00:00+00:00,587.9198582474219
Office of the Mayor,2013-12-31 00:00:00+00:00,680.5081198003327
Office of the Mayor,2014-12-31 00:00:00+00:00,657.2184550561796
Office of the Mayor,2015-12-31 00:00:00+00:00,629.5781460674153
Office of the Mayor,2016-12-31 00:00:00+00:00,745.458597626752
Office of the Mayor,2017-12-31 00:00:00+00:00,794.1459490333899
Office of the Mayor,2018-12-31 00:00:00+00:00,819.4155382436261
Office of the Mayor,2019-12-31 00:00:00+00:00,1033.4266538952734
Office of the Mayor,2020-12-31 00:00:00+00:00,1140.225644599304
Office of the Secretary,2009-12-31 00:00:00+00:00,847.3016666666668
Office of the Secretary,2010-12-31 00:00:00+00:00,432.8645882352941
Office of the Secretary,2011-12-31 00:00:00+00:00,714.7582666666667
Office of the Secretary,2012-12-31 00:00:00+00:00,1037.0975000000003
Office of the Secretary,2013-12-31 00:00:00+00:00,1174.6300579710137
Office of the Secretary,2014-12-31 00:00:00+00:00,988.6911923076925
Office of the Secretary,2015-12-31 00:00:00+00:00,553.5865413533833
Office of the Secretary,2016-12-31 00:00:00+00:00,556.7486538461537
Office of the Secretary,2017-12-31 00:00:00+00:00,949.2242105263159
Office of the Secretary,2018-12-31 00:00:00+00:00,933.324
Office of the Secretary,2019-12-31 00:00:00+00:00,953.36690647482
Office of the Secretary,2020-12-31 00:00:00+00:00,943.034769230769
Office of the State Superintendent of Education,2009-12-31 00:00:00+00:00,477.12483537159085
Office of the State Superintendent of Education,2010-12-31 00:00:00+00:00,524.3059517426277
Office of the State Superintendent of Education,2011-12-31 00:00:00+00:00,440.96192203082546
Office of the State Superintendent of Education,2012-12-31 00:00:00+00:00,555.1196284224238
Office of the State Superintendent of Education,2013-12-31 00:00:00+00:00,574.0056420233462
Office of the State Superintendent of Education,2014-12-31 00:00:00+00:00,578.6760884125912
Office of the State Superintendent of Education,2015-12-31 00:00:00+00:00,675.9162282690841
Office of the State Superintendent of Education,2016-12-31 00:00:00+00:00,736.5690992907797
Office of the State Superintendent of Education,2017-12-31 00:00:00+00:00,763.1449407407398
Office of the State Superintendent of Education,2018-12-31 00:00:00+00:00,672.1933624801276
Office of the State Superintendent of Education,2019-12-31 00:00:00+00:00,679.0085381222412
Office of the State Superintendent of Education,2020-12-31 00:00:00+00:00,797.2042058823528
Office of the Tenant Advocate,2009-12-31 00:00:00+00:00,994.528430962343
Office of the Tenant Advocate,2010-12-31 00:00:00+00:00,641.6886792452821
Office of the Tenant Advocate,2011-12-31 00:00:00+00:00,712.2969607843132
Office of the Tenant Advocate,2012-12-31 00:00:00+00:00,999.3351999999999
Office of the Tenant Advocate,2013-12-31 00:00:00+00:00,504.5984033613444
Office of the Tenant Advocate,2014-12-31 00:00:00+00:00,554.1063157894737
Office of the Tenant Advocate,2015-12-31 00:00:00+00:00,562.1952747252747
Office of the Tenant Advocate,2016-12-31 00:00:00+00:00,427.69223021582684
Office of the Tenant Advocate,2017-12-31 00:00:00+00:00,326.97414285714285
Office of the Tenant Advocate,2018-12-31 00:00:00+00:00,4025.808455598455
Office of the Tenant Advocate,2019-12-31 00:00:00+00:00,1915.2785145888604
Office of the Tenant Advocate,2020-12-31 00:00:00+00:00,1246.151790123456
Office on Aging,2009-12-31 00:00:00+00:00,453.700465116279
Office on Aging,2010-12-31 00:00:00+00:00,337.28114583333337
Office on Aging,2011-12-31 00:00:00+00:00,735.6000694444443
Office on Aging,2012-12-31 00:00:00+00:00,302.1272916666667
Office on Aging,2013-12-31 00:00:00+00:00,453.91804195804207
Office on Aging,2014-12-31 00:00:00+00:00,632.5431219512194
Office on Aging,2015-12-31 00:00:00+00:00,636.270625
Office on Aging,2016-12-31 00:00:00+00:00,780.0911822660096
Office on Aging,2017-12-31 00:00:00+00:00,1089.808092783505
Office on Aging,2018-12-31 00:00:00+00:00,745.5098717948717
Office on Aging,2019-12-31 00:00:00+00:00,961.041498127341
Office on Aging,2020-12-31 00:00:00+00:00,1109.3874576271185
Office on Asian/Pacific Affairs,2009-12-31 00:00:00+00:00,740.606037735849
Office on Asian/Pacific Affairs,2010-12-31 00:00:00+00:00,609.3963265306123
Office on Asian/Pacific Affairs,2011-12-31 00:00:00+00:00,421.642037037037
Office on Asian/Pacific Affairs,2012-12-31 00:00:00+00:00,378.81562499999995
Office on Asian/Pacific Affairs,2013-12-31 00:00:00+00:00,241.74940789473678
Office on Asian/Pacific Affairs,2014-12-31 00:00:00+00:00,563.0117073170733
Office on Asian/Pacific Affairs,2015-12-31 00:00:00+00:00,635.0357425742576
Office on Asian/Pacific Affairs,2016-12-31 00:00:00+00:00,719.307456647399
Office on Asian/Pacific Affairs,2017-12-31 00:00:00+00:00,633.0603389830511
Office on Asian/Pacific Affairs,2018-12-31 00:00:00+00:00,569.4327500000002
Office on Asian/Pacific Affairs,2019-12-31 00:00:00+00:00,514.674094488189
Office on Asian/Pacific Affairs,2020-12-31 00:00:00+00:00,687.2828915662652
Public Employee Relations Board,2010-12-31 00:00:00+00:00,445.6404166666667
Public Employee Relations Board,2011-12-31 00:00:00+00:00,564.1949541284403
Public Employee Relations Board,2012-12-31 00:00:00+00:00,412.18932515337434
Public Employee Relations Board,2013-12-31 00:00:00+00:00,397.50952380952367
Public Employee Relations Board,2014-12-31 00:00:00+00:00,442.36118644067795
Public Employee Relations Board,2015-12-31 00:00:00+00:00,362.0931707317073
Public Employee Relations Board,2016-12-31 00:00:00+00:00,343.47
Public Employee Relations Board,2017-12-31 00:00:00+00:00,310.0698461538462
Public Employee Relations Board,2018-12-31 00:00:00+00:00,613.3923214285714
Public Employee Relations Board,2019-12-31 00:00:00+00:00,509.02359999999993
Public Employee Relations Board,2020-12-31 00:00:00+00:00,329.3010869565217
Public Service Commission,2010-12-31 00:00:00+00:00,308.6095652173913
Public Service Commission,2011-12-31 00:00:00+00:00,494.5865248226949
Public Service Commission,2012-12-31 00:00:00+00:00,466.41956349206384
Public Service Commission,2013-12-31 00:00:00+00:00,566.0486754966889
Public Service Commission,2014-12-31 00:00:00+00:00,499.01118181818174
Public Service Commission,2015-12-31 00:00:00+00:00,568.1206986899565
Public Service Commission,2016-12-31 00:00:00+00:00,439.9104569892478
Public Service Commission,2017-12-31 00:00:00+00:00,533.5507598039225
Public Service Commission,2018-12-31 00:00:00+00:00,523.6174816625918
Public Service Commission,2019-12-31 00:00:00+00:00,500.62200389104964
Public Service Commission,2020-12-31 00:00:00+00:00,367.19266949152535
Serve DC,2009-12-31 00:00:00+00:00,607.9569111969109
Serve DC,2010-12-31 00:00:00+00:00,569.0631901840492
Serve DC,2011-12-31 00:00:00+00:00,634.5005882352942
University of the District of Columbia,2009-12-31 00:00:00+00:00,474.38941747572795
University of the District of Columbia,2010-12-31 00:00:00+00:00,457.0864193548362
University of the District of Columbia,2011-12-31 00:00:00+00:00,413.3553707165086
University of the District of Columbia,2012-12-31 00:00:00+00:00,0.0
University of the District of Columbia,2013-12-31 00:00:00+00:00,383.5946640316204
Unknown New Agency,2013-12-31 00:00:00+00:00,392.76673835125445
Unknown New Agency,2014-12-31 00:00:00+00:00,0.0
Unknown New Agency,2015-12-31 00:00:00+00:00,963.0775000000001
Unknown New Agency,2016-12-31 00:00:00+00:00,890.3700305810396
Unknown New Agency,2017-12-31 00:00:00+00:00,993.7729477611942
Unknown New Agency,2018-12-31 00:00:00+00:00,767.9157291666664
Unknown New Agency,2019-12-31 00:00:00+00:00,814.1407303974223
Unknown New Agency,2020-12-31 00:00:00+00:00,741.5977747989275
